[
  {
    "file": "/home/birdy/seng440code/colour_convert_int.c",
    "command": "/lib/llvm-17/bin/clang   -O2 -g -DNDEBUG -flto=thin -o CMakeFiles/colour_convert_int.dir/colour_convert_int.c.o -c /home/birdy/seng440code/colour_convert_int.c",
    "directory": "/home/birdy/seng440code/build"
  },
  {
    "file": "/home/birdy/seng440code/colour_convert_int.c",
    "command": "/lib/llvm-17/bin/clang   -O2 -g -DNDEBUG -flto=thin -o CMakeFiles/colour_convert_int.dir/colour_convert_int.c.o -c /home/birdy/seng440code/colour_convert_int.c",
    "directory": "/home/birdy/seng440code/build"
  }
]